<?xml version="1.0" encoding="UTF-8"?>
<!DOCTYPE fontscolors PUBLIC "-//NetBeans//DTD Editor Fonts and Colors settings 1.2//EN" "https://netbeans.apache.org/dtds/EditorFontsColors-1_2.dtd">
<fontscolors>
    <fontcolor name="mark-occurrences"/>
    <fontcolor foreColor="ffb083ef" name="identifier"/>
    <fontcolor default="field" foreColor="ff6699ff" name="markup-attribute"/>
    <fontcolor foreColor="ff96cfff" name="string"/>
    <fontcolor default="default" foreColor="black" name="entity-reference">
        <font style="bold"/>
    </fontcolor>
    <fontcolor foreColor="white" name="separator"/>
    <fontcolor foreColor="fff47066" name="operator"/>
    <fontcolor foreColor="ff287bde" name="url" underline="ff287bde"/>
    <fontcolor foreColor="ff6699ff" name="number"/>
    <fontcolor bgColor="ff21262d" foreColor="white" name="default">
        <font name="Fira Code" size="14"/>
    </fontcolor>
    <fontcolor default="identifier" foreColor="ff6699ff" name="field"/>
    <fontcolor foreColor="ff6699ff" name="char"/>
    <fontcolor foreColor="ff666666" name="comment"/>
    <fontcolor foreColor="fff26f65" name="keyword"/>
</fontscolors>
