<?xml version="1.0" encoding="UTF-8"?>
<!DOCTYPE fontscolors PUBLIC "-//NetBeans//DTD Editor Fonts and Colors settings 1.2//EN" "https://netbeans.apache.org/dtds/EditorFontsColors-1_2.dtd">
<fontscolors>
    <fontcolor foreColor="lightGray" name="nbeditor-bracesMatching-match"/>
    <fontcolor foreColor="lightGray" name="coverage-partial"/>
    <fontcolor foreColor="lightGray" name="nbeditor-bracesMatching-mismatch"/>
    <fontcolor name="highlight-caret-row"/>
    <fontcolor bgColor="ffffb442" foreColor="lightGray" name="highlight-search"/>
    <fontcolor foreColor="lightGray" name="caret-color-overwrite-mode"/>
    <fontcolor foreColor="lightGray" name="coverage-covered"/>
    <fontcolor bgColor="gray" name="selection"/>
    <fontcolor foreColor="lightGray" name="coverage-inferred"/>
    <fontcolor foreColor="lightGray" name="coverage-uncovered"/>
    <fontcolor bgColor="ffccffcc" name="remove-surround-code-remain"/>
    <fontcolor foreColor="lightGray" name="nbeditor-bracesMatching-match-multichar"/>
    <fontcolor foreColor="lightGray" name="nbeditor-bracesMatching-mismatch-multichar"/>
    <fontcolor foreColor="white" name="caret-color-insert-mode"/>
    <fontcolor bgColor="fff5f5f5" foreColor="ffb4b4b4" name="remove-surround-code-delete"/>
</fontscolors>
