<?xml version="1.0" encoding="UTF-8"?>
<!DOCTYPE fontscolors PUBLIC "-//NetBeans//DTD Editor Fonts and Colors settings 1.2//EN" "https://netbeans.apache.org/dtds/EditorFontsColors-1_2.dtd">
<fontscolors>
    <fontcolor bgColor="ff44475a" name="mark-occurrences"/>
    <fontcolor foreColor="ff8be9fd" name="identifier"/>
    <fontcolor default="field" foreColor="ffbababa" name="markup-attribute"/>
    <fontcolor default="identifier" foreColor="ffffb86c" name="method"/>
    <fontcolor foreColor="fff1fa8c" name="string"/>
    <fontcolor default="keyword" foreColor="ffe8bf6a" name="markup-element"/>
    <fontcolor default="string" foreColor="ffa5c261" name="markup-attribute-value"/>
    <fontcolor name="error" waveUnderlined="red"/>
    <fontcolor default="default" name="entity-reference"/>
    <fontcolor foreColor="lightGray" name="separator"/>
    <fontcolor foreColor="ffff79c6" name="operator"/>
    <fontcolor foreColor="ff287bde" name="url" underline="ff287bde"/>
    <fontcolor foreColor="ffbd93f9" name="number"/>
    <fontcolor bgColor="ff282a36" foreColor="gray" name="default">
        <font name="Fira Code" size="14"/>
    </fontcolor>
    <fontcolor default="identifier" foreColor="ffffb86c" name="field"/>
    <fontcolor foreColor="fff1fa8c" name="char"/>
    <fontcolor bgColor="ff44475a" name="warning" waveUnderlined="yellow"/>
    <fontcolor foreColor="ff6272a4" name="comment"/>
    <fontcolor foreColor="ffff79c6" name="keyword"/>
    <fontcolor foreColor="ff505050" name="whitespace"/>
</fontscolors>
